series,count,rate,date
35181,680,6.5,2010-02-01
35181,730,7.2,2010-01-01
35181,609,5.9,2009-12-01
35181,592,5.7,2009-11-01
35181,610,5.9,2009-10-01
35181,636,5.9,2009-09-01
35181,569,5.3,2009-08-01
35181,552,5.2,2009-07-01
35181,472,4.4,2009-06-01
35181,530,5,2009-05-01
35181,488,4.6,2009-04-01
35181,625,5.9,2009-03-01
35181,586,5.7,2009-02-01
35181,659,6.5,2009-01-01
35181,559,5.5,2008-12-01
35181,411,4.1,2008-11-01
35181,396,3.9,2008-10-01
35181,414,3.9,2008-09-01
35181,378,3.5,2008-08-01
35181,345,3.1,2008-07-01
35181,364,3.3,2008-06-01
35181,366,3.4,2008-05-01
35181,338,3.2,2008-04-01
35181,346,3.3,2008-03-01
35181,340,3.2,2008-02-01
35181,338,3.3,2008-01-01
35181,326,3.2,2007-12-01
35181,336,3.2,2007-11-01
35181,338,3.1,2007-10-01
35181,304,2.8,2007-09-01
35181,315,2.9,2007-08-01
35181,324,2.9,2007-07-01
35181,258,2.3,2007-06-01
35181,276,2.5,2007-05-01
35181,240,2.2,2007-04-01
35181,311,2.8,2007-03-01
35181,300,2.8,2007-02-01
35181,376,3.5,2007-01-01
35181,287,2.6,2006-12-01
35181,257,2.3,2006-11-01
35181,275,2.5,2006-10-01
35181,299,2.7,2006-09-01
35181,306,2.7,2006-08-01
35181,291,2.6,2006-07-01
35181,245,2.2,2006-06-01
35181,251,2.3,2006-05-01
35181,334,3.1,2006-04-01
35181,300,2.8,2006-03-01
35181,332,3.1,2006-02-01
35181,341,3.2,2006-01-01
35181,327,3.1,2005-12-01
35181,319,3,2005-11-01
35181,255,2.3,2005-10-01
35181,282,2.6,2005-09-01
35181,249,2.3,2005-08-01
35181,282,2.5,2005-07-01
35181,268,2.4,2005-06-01
35181,299,2.7,2005-05-01
35181,273,2.4,2005-04-01
35181,312,2.9,2005-03-01
35181,363,3.4,2005-02-01
35181,346,3.2,2005-01-01
35181,341,3.2,2004-12-01
35181,353,3.2,2004-11-01
35181,301,2.7,2004-10-01
35181,362,3.3,2004-09-01
35181,324,2.9,2004-08-01
35181,291,2.6,2004-07-01
35181,306,2.8,2004-06-01
35181,287,2.7,2004-05-01
35181,242,2.3,2004-04-01
35181,260,2.5,2004-03-01
35181,260,2.5,2004-02-01
35181,302,2.8,2004-01-01
35181,299,2.8,2003-12-01
35181,308,2.8,2003-11-01
35181,338,3.1,2003-10-01
35181,287,2.6,2003-09-01
35181,302,2.7,2003-08-01
35181,270,2.5,2003-07-01
35181,295,2.7,2003-06-01
35181,271,2.6,2003-05-01
35181,248,2.4,2003-04-01
35181,279,2.7,2003-03-01
35181,304,3,2003-02-01
35181,324,3,2003-01-01
35181,327,3.1,2002-12-01
35181,297,2.8,2002-11-01
35181,275,2.6,2002-10-01
35181,266,2.5,2002-09-01
35181,271,2.6,2002-08-01
35181,249,2.4,2002-07-01
35181,246,2.4,2002-06-01
35181,264,2.6,2002-05-01
35181,255,2.5,2002-04-01
35181,217,2.2,2002-03-01
35181,250,2.6,2002-02-01
35181,263,2.7,2002-01-01
35181,249,2.5,2001-12-01
35181,234,2.3,2001-11-01
35181,247,2.3,2001-10-01
35181,256,2.4,2001-09-01
35181,243,2.3,2001-08-01
35181,191,1.8,2001-07-01
35181,187,1.7,2001-06-01
35181,206,2,2001-05-01
35181,216,2.1,2001-04-01
35181,181,1.7,2001-03-01
35181,209,2,2001-02-01
35181,194,1.9,2001-01-01
35181,178,1.8,2000-12-01
35181,273,2.7,2000-11-01
35181,226,2.2,2000-10-01
35181,213,2,2000-09-01
35181,186,1.7,2000-08-01
35181,222,2.1,2000-07-01
35181,188,1.8,2000-06-01
35181,206,1.9,2000-05-01
35181,218,2,2000-04-01
35181,213,2,2000-03-01
35181,262,2.5,2000-02-01
35181,239,2.3,2000-01-01
35109,285,18.8,2010-02-01
35109,318,21.3,2010-01-01
35109,292,19.7,2009-12-01
35109,180,12.6,2009-11-01
35109,166,11.8,2009-10-01
35109,150,11.1,2009-09-01
35109,195,13.1,2009-08-01
35109,180,12.1,2009-07-01
35109,182,12.3,2009-06-01
35109,136,10,2009-05-01
35109,176,13.5,2009-04-01
35109,241,19,2009-03-01
35109,251,18.8,2009-02-01
35109,245,18.7,2009-01-01
35109,229,17,2008-12-01
35109,119,9.5,2008-11-01
35109,97,7.1,2008-10-01
35109,84,5.8,2008-09-01
35109,111,7.6,2008-08-01
35109,125,8.5,2008-07-01
35109,86,6.1,2008-06-01
35109,94,7.4,2008-05-01
35109,108,8.6,2008-04-01
35109,175,13.2,2008-03-01
35109,135,10.9,2008-02-01
35109,113,9.5,2008-01-01
35109,96,7.5,2007-12-01
35109,80,6.6,2007-11-01
35109,47,4,2007-10-01
35109,53,4.3,2007-09-01
35109,54,4.7,2007-08-01
35109,40,3.1,2007-07-01
35109,59,4.5,2007-06-01
35109,64,5.1,2007-05-01
35109,67,5.7,2007-04-01
35109,123,9.7,2007-03-01
35109,127,9.6,2007-02-01
35109,128,10,2007-01-01
35109,139,10.4,2006-12-01
35109,125,9.6,2006-11-01
35109,77,5.8,2006-10-01
35109,78,5.9,2006-09-01
35109,76,5.3,2006-08-01
35109,55,3.6,2006-07-01
35109,35,2.4,2006-06-01
35109,79,6,2006-05-01
35109,81,6.2,2006-04-01
35109,117,9.8,2006-03-01
35109,139,11.8,2006-02-01
35109,140,11.5,2006-01-01
35109,127,11.1,2005-12-01
35109,118,9.6,2005-11-01
35109,85,6.7,2005-10-01
35109,127,9.5,2005-09-01
35109,100,7.1,2005-08-01
35109,69,4.7,2005-07-01
35109,76,5.2,2005-06-01
35109,66,5.3,2005-05-01
35109,84,6.9,2005-04-01
35109,139,11.8,2005-03-01
35109,107,9.9,2005-02-01
35109,153,13.2,2005-01-01
35109,165,14,2004-12-01
35109,131,10.5,2004-11-01
35109,102,7.7,2004-10-01
35109,88,6.4,2004-09-01
35109,103,7,2004-08-01
35109,140,10,2004-07-01
35109,106,7.6,2004-06-01
35109,99,7.4,2004-05-01
35109,107,8.3,2004-04-01
35109,153,12.7,2004-03-01
35109,168,14.2,2004-02-01
35109,184,15.1,2004-01-01
35109,137,10.9,2003-12-01
35109,148,10.3,2003-11-01
35109,136,8.5,2003-10-01
35109,98,6.2,2003-09-01
35109,173,10.7,2003-08-01
35109,113,8.2,2003-07-01
35109,94,6.9,2003-06-01
35109,133,10.2,2003-05-01
35109,154,12,2003-04-01
35109,161,12.9,2003-03-01
35109,172,14.7,2003-02-01
35109,159,13.2,2003-01-01
35109,120,9.8,2002-12-01
35109,137,11.1,2002-11-01
35109,97,6.6,2002-10-01
35109,92,6.3,2002-09-01
35109,125,9,2002-08-01
35109,114,7.3,2002-07-01
35109,89,6.3,2002-06-01
35109,89,6.8,2002-05-01
35109,151,10.8,2002-04-01
35109,269,19.6,2002-03-01
35109,187,14.8,2002-02-01
35109,195,14.8,2002-01-01
35109,192,15.1,2001-12-01
35109,145,11.6,2001-11-01
35109,118,8.7,2001-10-01
35109,101,7.2,2001-09-01
35109,141,9.3,2001-08-01
35109,113,7.6,2001-07-01
35109,130,9.7,2001-06-01
35109,109,7.7,2001-05-01
35109,140,10.4,2001-04-01
35109,267,19.2,2001-03-01
35109,193,15.1,2001-02-01
35109,188,13.8,2001-01-01
35109,196,13.9,2000-12-01
35109,192,13.3,2000-11-01
35109,113,8,2000-10-01
35109,124,8.2,2000-09-01
35109,110,7,2000-08-01
35109,77,5,2000-07-01
35109,109,6.7,2000-06-01
35109,73,5.1,2000-05-01
35109,135,8.9,2000-04-01
35109,152,10.4,2000-03-01
35109,173,11.5,2000-02-01
35109,154,10.3,2000-01-01
32242,603,9.9,2010-02-01
32242,609,10,2010-01-01
32242,513,8.2,2009-12-01
32242,491,8,2009-11-01
32242,541,8.5,2009-10-01
32242,462,7.1,2009-09-01
32242,528,8.2,2009-08-01
32242,490,7.4,2009-07-01
32242,557,8.4,2009-06-01
32242,476,7.5,2009-05-01
32242,403,6.4,2009-04-01
32242,377,6,2009-03-01
32242,453,7.3,2009-02-01
32242,431,7.1,2009-01-01
32242,367,6.1,2008-12-01
32242,434,7,2008-11-01
32242,334,5.3,2008-10-01
32242,374,5.8,2008-09-01
32242,412,6.3,2008-08-01
32242,352,5.2,2008-07-01
32242,322,5,2008-06-01
32242,275,4.4,2008-05-01
32242,251,4,2008-04-01
32242,283,4.6,2008-03-01
32242,313,5.1,2008-02-01
32242,264,4.4,2008-01-01
32242,235,3.9,2007-12-01
32242,255,4.1,2007-11-01
32242,182,3,2007-10-01
32242,257,4.2,2007-09-01
32242,239,3.8,2007-08-01
32242,243,3.8,2007-07-01
32242,256,4,2007-06-01
32242,242,3.9,2007-05-01
32242,224,3.6,2007-04-01
32242,222,3.7,2007-03-01
32242,257,4.3,2007-02-01
32242,275,4.7,2007-01-01
32242,306,5.2,2006-12-01
32242,306,5,2006-11-01
32242,268,4.4,2006-10-01
32242,310,5,2006-09-01
32242,341,5.3,2006-08-01
32242,305,4.7,2006-07-01
32242,265,4.3,2006-06-01
32242,265,4.2,2006-05-01
32242,266,4.1,2006-04-01
32242,292,4.6,2006-03-01
32242,281,4.4,2006-02-01
32242,308,4.9,2006-01-01
32242,269,4.3,2005-12-01
32242,300,4.9,2005-11-01
32242,319,5,2005-10-01
32242,307,4.9,2005-09-01
32242,306,4.8,2005-08-01
32242,274,4.2,2005-07-01
32242,291,4.6,2005-06-01
32242,314,5,2005-05-01
32242,306,4.9,2005-04-01
32242,308,5,2005-03-01
32242,325,5.3,2005-02-01
32242,290,4.7,2005-01-01
32242,276,4.3,2004-12-01
32242,294,4.8,2004-11-01
32242,300,4.8,2004-10-01
32242,301,4.9,2004-09-01
32242,341,5.6,2004-08-01
32242,346,5.6,2004-07-01
32242,326,5.4,2004-06-01
32242,310,5.1,2004-05-01
32242,347,5.6,2004-04-01
32242,366,5.9,2004-03-01
32242,366,5.9,2004-02-01
32242,322,5.3,2004-01-01
32242,278,4.5,2003-12-01
32242,357,5.8,2003-11-01
32242,378,6.1,2003-10-01
32242,338,5.5,2003-09-01
32242,373,6.1,2003-08-01
32242,405,6.6,2003-07-01
32242,359,5.9,2003-06-01
32242,339,5.7,2003-05-01
32242,331,5.5,2003-04-01
32242,370,6.1,2003-03-01
32242,331,5.7,2003-02-01
32242,304,5.3,2003-01-01
32242,241,4.2,2002-12-01
32242,284,4.9,2002-11-01
32242,272,4.6,2002-10-01
32242,281,4.8,2002-09-01
32242,353,6,2002-08-01
32242,356,5.8,2002-07-01
32242,335,5.5,2002-06-01
32242,264,4.6,2002-05-01
32242,268,4.6,2002-04-01
32242,314,5.5,2002-03-01
32242,339,5.6,2002-02-01
32242,304,5.1,2002-01-01
32242,277,4.5,2001-12-01
32242,256,4.2,2001-11-01
32242,239,4.1,2001-10-01
32242,225,4,2001-09-01
32242,241,4.5,2001-08-01
32242,228,4.1,2001-07-01
32242,246,4.6,2001-06-01
32242,172,3.2,2001-05-01
32242,220,3.8,2001-04-01
32242,200,3.4,2001-03-01
32242,243,4.2,2001-02-01
32242,197,3.4,2001-01-01
32242,167,2.9,2000-12-01
32242,217,3.8,2000-11-01
32242,161,2.9,2000-10-01
32242,220,4,2000-09-01
32242,187,3.5,2000-08-01
32242,202,3.7,2000-07-01
32242,225,3.9,2000-06-01
32242,254,4.5,2000-05-01
32242,240,4.2,2000-04-01
32242,247,4.3,2000-03-01
32242,232,4.1,2000-02-01
32242,274,4.9,2000-01-01
32241,1597,12.7,2010-02-01
32241,1804,14.2,2010-01-01
32241,1624,12.6,2009-12-01
32241,1524,11.9,2009-11-01
32241,1604,12.4,2009-10-01
32241,1469,11.4,2009-09-01
32241,1636,12,2009-08-01
32241,1600,11.2,2009-07-01
32241,1688,12.1,2009-06-01
32241,1599,11.9,2009-05-01
32241,1322,10.2,2009-04-01
32241,1484,11.6,2009-03-01
32241,1477,11.4,2009-02-01
32241,1487,11.5,2009-01-01
32241,1210,9.5,2008-12-01
32241,1283,9.9,2008-11-01
32241,1126,8.9,2008-10-01
32241,1029,8.2,2008-09-01
32241,1122,8.7,2008-08-01
32241,1172,8.8,2008-07-01
32241,1154,8.9,2008-06-01
32241,1074,8.4,2008-05-01
32241,874,6.9,2008-04-01
32241,944,7.6,2008-03-01
32241,1056,8.5,2008-02-01
32241,1176,9.4,2008-01-01
32241,961,7.9,2007-12-01
32241,986,8.1,2007-11-01
32241,911,7.5,2007-10-01
32241,892,7.4,2007-09-01
32241,877,7.1,2007-08-01
32241,920,7.3,2007-07-01
32241,917,7.2,2007-06-01
32241,831,6.8,2007-05-01
32241,822,6.9,2007-04-01
32241,845,7,2007-03-01
32241,879,7.4,2007-02-01
32241,911,7.8,2007-01-01
32241,701,5.9,2006-12-01
32241,836,7.1,2006-11-01
32241,795,6.6,2006-10-01
32241,810,6.9,2006-09-01
32241,855,6.9,2006-08-01
32241,867,6.8,2006-07-01
32241,942,7.4,2006-06-01
32241,830,7,2006-05-01
32241,882,7.6,2006-04-01
32241,917,8,2006-03-01
32241,1040,9.1,2006-02-01
32241,910,8.1,2006-01-01
32241,930,7.9,2005-12-01
32241,966,8.1,2005-11-01
32241,796,6.8,2005-10-01
32241,842,7.3,2005-09-01
32241,844,6.8,2005-08-01
32241,929,7.4,2005-07-01
32241,950,7.6,2005-06-01
32241,944,7.7,2005-05-01
32241,882,7.7,2005-04-01
32241,967,8.3,2005-03-01
32241,1008,8.8,2005-02-01
32241,993,8.7,2005-01-01
32241,850,7.4,2004-12-01
32241,916,7.9,2004-11-01
32241,853,7.3,2004-10-01
32241,854,7.5,2004-09-01
32241,1010,8.4,2004-08-01
32241,965,7.8,2004-07-01
32241,1189,9.6,2004-06-01
32241,977,8.1,2004-05-01
32241,925,7.9,2004-04-01
32241,1039,9,2004-03-01
32241,987,8.9,2004-02-01
32241,1097,10,2004-01-01
32241,885,8.2,2003-12-01
32241,990,9,2003-11-01
32241,933,8.3,2003-10-01
32241,978,8.8,2003-09-01
32241,1050,9,2003-08-01
32241,1020,8.4,2003-07-01
32241,1048,8.6,2003-06-01
32241,955,7.9,2003-05-01
32241,986,8.5,2003-04-01
32241,1035,8.9,2003-03-01
32241,1145,10,2003-02-01
32241,1049,9.3,2003-01-01
32241,922,8.2,2002-12-01
32241,978,8.9,2002-11-01
32241,956,8.5,2002-10-01
32241,885,7.9,2002-09-01
32241,884,7.5,2002-08-01
32241,999,8.2,2002-07-01
32241,1034,8.5,2002-06-01
32241,1022,8.6,2002-05-01
32241,953,8.4,2002-04-01
32241,976,8.5,2002-03-01
32241,973,8.7,2002-02-01
32241,947,8.6,2002-01-01
32241,938,8.5,2001-12-01
32241,935,8.5,2001-11-01
32241,903,8.3,2001-10-01
32241,900,8,2001-09-01
32241,767,6.8,2001-08-01
32241,813,6.8,2001-07-01
32241,821,7,2001-06-01
32241,731,6.7,2001-05-01
32241,744,6.8,2001-04-01
32241,817,7.4,2001-03-01
32241,821,7.5,2001-02-01
32241,806,7.7,2001-01-01
32241,639,5.9,2000-12-01
32241,694,6.5,2000-11-01
32241,691,6.5,2000-10-01
32241,636,5.9,2000-09-01
32241,675,6,2000-08-01
32241,786,6.8,2000-07-01
32241,833,7.3,2000-06-01
32241,675,6.2,2000-05-01
32241,658,6.1,2000-04-01
32241,789,7.4,2000-03-01
32241,779,7.5,2000-02-01
32241,782,7.5,2000-01-01
32240,1200,5.6,2010-02-01
32240,1175,5.5,2010-01-01
32240,1183,5.6,2009-12-01
32240,1168,5.5,2009-11-01
32240,1280,6,2009-10-01
32240,1257,6,2009-09-01
32240,1239,6,2009-08-01
32240,1269,6.1,2009-07-01
32240,1267,6.1,2009-06-01
32240,1005,4.9,2009-05-01
32240,964,4.6,2009-04-01
32240,931,4.5,2009-03-01
32240,847,4.1,2009-02-01
32240,792,3.8,2009-01-01
32240,791,3.8,2008-12-01
32240,748,3.6,2008-11-01
32240,797,3.9,2008-10-01
32240,835,4.1,2008-09-01
32240,844,4.3,2008-08-01
32240,776,3.9,2008-07-01
32240,669,3.4,2008-06-01
32240,619,3.2,2008-05-01
32240,551,2.8,2008-04-01
32240,609,3.1,2008-03-01
32240,562,2.9,2008-02-01
32240,576,2.9,2008-01-01
32240,521,2.6,2007-12-01
32240,526,2.7,2007-11-01
32240,534,2.7,2007-10-01
32240,630,3.2,2007-09-01
32240,648,3.4,2007-08-01
32240,665,3.5,2007-07-01
32240,653,3.4,2007-06-01
32240,622,3.3,2007-05-01
32240,555,2.9,2007-04-01
32240,495,2.5,2007-03-01
32240,489,2.5,2007-02-01
32240,563,2.9,2007-01-01
32240,502,2.6,2006-12-01
32240,536,2.8,2006-11-01
32240,531,2.8,2006-10-01
32240,576,3,2006-09-01
32240,611,3.2,2006-08-01
32240,659,3.5,2006-07-01
32240,617,3.3,2006-06-01
32240,543,2.9,2006-05-01
32240,558,3,2006-04-01
32240,563,3,2006-03-01
32240,528,2.8,2006-02-01
32240,593,3.2,2006-01-01
32240,529,2.8,2005-12-01
32240,677,3.6,2005-11-01
32240,628,3.4,2005-10-01
32240,658,3.5,2005-09-01
32240,644,3.5,2005-08-01
32240,635,3.5,2005-07-01
32240,667,3.6,2005-06-01
32240,648,3.6,2005-05-01
32240,591,3.3,2005-04-01
32240,614,3.4,2005-03-01
32240,619,3.4,2005-02-01
32240,613,3.4,2005-01-01
32240,562,3.1,2004-12-01
32240,570,3.2,2004-11-01
32240,526,2.9,2004-10-01
32240,593,3.3,2004-09-01
32240,647,3.7,2004-08-01
32240,725,4,2004-07-01
32240,769,4.2,2004-06-01
32240,570,3.2,2004-05-01
32240,589,3.3,2004-04-01
32240,584,3.2,2004-03-01
32240,608,3.4,2004-02-01
32240,662,3.7,2004-01-01
32240,620,3.5,2003-12-01
32240,662,3.8,2003-11-01
32240,639,3.6,2003-10-01
32240,649,3.7,2003-09-01
32240,760,4.3,2003-08-01
32240,697,4,2003-07-01
32240,769,4.4,2003-06-01
32240,618,3.5,2003-05-01
32240,611,3.4,2003-04-01
32240,518,2.9,2003-03-01
32240,576,3.2,2003-02-01
32240,559,3.2,2003-01-01
32240,558,3.2,2002-12-01
32240,493,2.8,2002-11-01
32240,517,3,2002-10-01
32240,562,3.2,2002-09-01
32240,660,3.9,2002-08-01
32240,671,4,2002-07-01
32240,638,3.9,2002-06-01
32240,533,3.2,2002-05-01
32240,493,2.9,2002-04-01
32240,540,3.2,2002-03-01
32240,590,3.5,2002-02-01
32240,586,3.5,2002-01-01
32240,483,2.9,2001-12-01
32240,516,3.1,2001-11-01
32240,486,2.9,2001-10-01
32240,455,2.8,2001-09-01
32240,595,3.7,2001-08-01
32240,513,3.1,2001-07-01
32240,476,3,2001-06-01
32240,390,2.4,2001-05-01
32240,341,2.1,2001-04-01
32240,456,2.8,2001-03-01
32240,423,2.6,2001-02-01
32240,428,2.6,2001-01-01
32240,293,1.8,2000-12-01
32240,351,2.2,2000-11-01
32240,339,2.1,2000-10-01
32240,398,2.6,2000-09-01
32240,450,2.9,2000-08-01
32240,478,3.1,2000-07-01
32240,452,2.9,2000-06-01
32240,423,2.7,2000-05-01
32240,329,2.1,2000-04-01
32240,381,2.5,2000-03-01
32240,349,2.2,2000-02-01
32240,353,2.3,2000-01-01
32239,1740,12,2010-02-01
32239,1614,11.1,2010-01-01
32239,1486,10.3,2009-12-01
32239,1514,10.6,2009-11-01
32239,1488,10.3,2009-10-01
32239,1596,11.3,2009-09-01
32239,1560,11,2009-08-01
32239,1531,10.9,2009-07-01
32239,1580,11.3,2009-06-01
32239,1514,10.9,2009-05-01
32239,1448,10.4,2009-04-01
32239,1597,11.4,2009-03-01
32239,1512,10.8,2009-02-01
32239,1445,10.4,2009-01-01
32239,1147,8.1,2008-12-01
32239,992,7,2008-11-01
32239,1052,7.5,2008-10-01
32239,951,6.9,2008-09-01
32239,961,6.9,2008-08-01
32239,866,6.1,2008-07-01
32239,890,6.2,2008-06-01
32239,829,5.9,2008-05-01
32239,736,5.3,2008-04-01
32239,876,6.2,2008-03-01
32239,866,6.2,2008-02-01
32239,893,6.4,2008-01-01
32239,803,5.7,2007-12-01
32239,679,4.8,2007-11-01
32239,675,4.8,2007-10-01
32239,655,4.7,2007-09-01
32239,683,4.9,2007-08-01
32239,743,5.2,2007-07-01
32239,722,5.2,2007-06-01
32239,743,5.4,2007-05-01
32239,689,5,2007-04-01
32239,775,5.7,2007-03-01
32239,825,6,2007-02-01
32239,885,6.5,2007-01-01
32239,791,5.9,2006-12-01
32239,658,4.9,2006-11-01
32239,768,5.6,2006-10-01
32239,736,5.6,2006-09-01
32239,681,5.1,2006-08-01
32239,735,5.5,2006-07-01
32239,753,5.7,2006-06-01
32239,695,5.3,2006-05-01
32239,644,4.9,2006-04-01
32239,824,6.3,2006-03-01
32239,841,6.5,2006-02-01
32239,825,6.5,2006-01-01
32239,788,6.1,2005-12-01
32239,711,5.5,2005-11-01
32239,748,5.8,2005-10-01
32239,862,6.7,2005-09-01
32239,728,5.7,2005-08-01
32239,804,6.3,2005-07-01
32239,743,5.8,2005-06-01
32239,730,5.9,2005-05-01
32239,714,5.7,2005-04-01
32239,807,6.5,2005-03-01
32239,916,7.2,2005-02-01
32239,958,7.6,2005-01-01
32239,875,6.9,2004-12-01
32239,872,6.8,2004-11-01
32239,781,6.2,2004-10-01
32239,750,5.9,2004-09-01
32239,845,6.7,2004-08-01
32239,790,6.2,2004-07-01
32239,814,6.5,2004-06-01
32239,819,6.5,2004-05-01
32239,752,6,2004-04-01
32239,999,7.9,2004-03-01
32239,964,7.7,2004-02-01
32239,1070,8.7,2004-01-01
32239,948,7.6,2003-12-01
32239,948,7.7,2003-11-01
32239,1014,8.1,2003-10-01
32239,975,8,2003-09-01
32239,881,7.2,2003-08-01
32239,1021,8.2,2003-07-01
32239,1092,8.5,2003-06-01
32239,1105,8.4,2003-05-01
32239,1076,8.3,2003-04-01
32239,1190,9.1,2003-03-01
32239,1140,8.9,2003-02-01
32239,1112,8.9,2003-01-01
32239,1038,8.3,2002-12-01
32239,1029,8.2,2002-11-01
32239,962,7.5,2002-10-01
32239,1007,7.8,2002-09-01
32239,926,7.2,2002-08-01
32239,1075,8.2,2002-07-01
32239,1079,8.2,2002-06-01
32239,983,7.7,2002-05-01
32239,951,7.3,2002-04-01
32239,964,7.5,2002-03-01
32239,973,7.7,2002-02-01
32239,1120,8.9,2002-01-01
32239,921,7.4,2001-12-01
32239,946,7.6,2001-11-01
32239,910,7.2,2001-10-01
32239,810,6.4,2001-09-01
32239,790,6.2,2001-08-01
32239,731,5.7,2001-07-01
32239,694,5.4,2001-06-01
32239,652,5.3,2001-05-01
32239,655,5.3,2001-04-01
32239,652,5.3,2001-03-01
32239,724,5.9,2001-02-01
32239,734,5.8,2001-01-01
32239,564,4.5,2000-12-01
32239,547,4.4,2000-11-01
32239,504,4.1,2000-10-01
32239,559,4.6,2000-09-01
32239,584,4.8,2000-08-01
32239,636,5.1,2000-07-01
32239,545,4.4,2000-06-01
32239,561,4.7,2000-05-01
32239,517,4.5,2000-04-01
32239,623,5.4,2000-03-01
32239,587,5.2,2000-02-01
32239,655,5.7,2000-01-01
32238,708,7.5,2010-02-01
32238,623,6.6,2010-01-01
32238,665,7.2,2009-12-01
32238,619,6.7,2009-11-01
32238,646,7,2009-10-01
32238,657,7.1,2009-09-01
32238,566,6,2009-08-01
32238,570,6.1,2009-07-01
32238,513,5.5,2009-06-01
32238,536,5.7,2009-05-01
32238,561,6,2009-04-01
32238,639,6.8,2009-03-01
32238,637,6.7,2009-02-01
32238,571,6,2009-01-01
32238,540,5.6,2008-12-01
32238,494,5.2,2008-11-01
32238,434,4.5,2008-10-01
32238,380,4,2008-09-01
32238,409,4.2,2008-08-01
32238,350,3.6,2008-07-01
32238,337,3.4,2008-06-01
32238,361,3.7,2008-05-01
32238,324,3.4,2008-04-01
32238,323,3.4,2008-03-01
32238,323,3.4,2008-02-01
32238,285,3,2008-01-01
32238,315,3.2,2007-12-01
32238,261,2.7,2007-11-01
32238,307,3.2,2007-10-01
32238,316,3.3,2007-09-01
32238,371,3.7,2007-08-01
32238,307,3.1,2007-07-01
32238,303,3.1,2007-06-01
32238,281,2.9,2007-05-01
32238,231,2.4,2007-04-01
32238,252,2.6,2007-03-01
32238,295,3.1,2007-02-01
32238,233,2.4,2007-01-01
32238,227,2.3,2006-12-01
32238,229,2.3,2006-11-01
32238,211,2.1,2006-10-01
32238,235,2.4,2006-09-01
32238,263,2.7,2006-08-01
32238,329,3.4,2006-07-01
32238,299,3.1,2006-06-01
32238,289,3,2006-05-01
32238,293,3.1,2006-04-01
32238,298,3.1,2006-03-01
32238,268,2.8,2006-02-01
32238,233,2.4,2006-01-01
32238,204,2.1,2005-12-01
32238,268,2.8,2005-11-01
32238,255,2.7,2005-10-01
32238,260,2.7,2005-09-01
32238,300,3.2,2005-08-01
32238,309,3.3,2005-07-01
32238,307,3.3,2005-06-01
32238,288,3.1,2005-05-01
32238,255,2.7,2005-04-01
32238,261,2.7,2005-03-01
32238,301,3.2,2005-02-01
32238,252,2.7,2005-01-01
32238,290,3.1,2004-12-01
32238,290,3.1,2004-11-01
32238,358,3.8,2004-10-01
32238,374,4,2004-09-01
32238,312,3.4,2004-08-01
32238,307,3.3,2004-07-01
32238,335,3.6,2004-06-01
32238,302,3.3,2004-05-01
32238,312,3.4,2004-04-01
32238,343,3.7,2004-03-01
32238,363,3.8,2004-02-01
32238,403,4.3,2004-01-01
32238,283,3,2003-12-01
32238,311,3.3,2003-11-01
32238,303,3.3,2003-10-01
32238,305,3.3,2003-09-01
32238,342,3.7,2003-08-01
32238,284,3.1,2003-07-01
32238,358,4,2003-06-01
32238,320,3.6,2003-05-01
32238,323,3.6,2003-04-01
32238,357,4,2003-03-01
32238,310,3.4,2003-02-01
32238,327,3.6,2003-01-01
32238,322,3.6,2002-12-01
32238,337,3.7,2002-11-01
32238,312,3.5,2002-10-01
32238,299,3.3,2002-09-01
32238,343,3.8,2002-08-01
32238,345,3.8,2002-07-01
32238,373,4.1,2002-06-01
32238,340,3.8,2002-05-01
32238,292,3.3,2002-04-01
32238,287,3.2,2002-03-01
32238,318,3.5,2002-02-01
32238,267,3,2002-01-01
32238,258,3,2001-12-01
32238,320,3.6,2001-11-01
32238,281,3.3,2001-10-01
32238,268,3.1,2001-09-01
32238,256,2.9,2001-08-01
32238,289,3.3,2001-07-01
32238,249,2.8,2001-06-01
32238,191,2.2,2001-05-01
32238,232,2.6,2001-04-01
32238,211,2.4,2001-03-01
32238,235,2.6,2001-02-01
32238,232,2.6,2001-01-01
32238,200,2.3,2000-12-01
32238,184,2.1,2000-11-01
32238,224,2.6,2000-10-01
32238,187,2.2,2000-09-01
32238,213,2.5,2000-08-01
32238,190,2.2,2000-07-01
32238,216,2.5,2000-06-01
32238,195,2.2,2000-05-01
32238,197,2.3,2000-04-01
32238,226,2.6,2000-03-01
32238,240,2.8,2000-02-01
32238,228,2.7,2000-01-01
32237,300,10,2010-02-01
32237,313,10,2010-01-01
32237,256,8.5,2009-12-01
32237,243,7.6,2009-11-01
32237,261,8.2,2009-10-01
32237,362,11.2,2009-09-01
32237,358,10.7,2009-08-01
32237,373,11.5,2009-07-01
32237,347,11.1,2009-06-01
32237,303,9.5,2009-05-01
32237,320,10.1,2009-04-01
32237,252,7.8,2009-03-01
32237,224,7.1,2009-02-01
32237,232,7.4,2009-01-01
32237,219,6.9,2008-12-01
32237,173,5.2,2008-11-01
32237,168,5,2008-10-01
32237,166,5,2008-09-01
32237,144,4.2,2008-08-01
32237,141,4.1,2008-07-01
32237,157,4.7,2008-06-01
32237,170,5,2008-05-01
32237,143,4.4,2008-04-01
32237,155,4.8,2008-03-01
32237,193,5.8,2008-02-01
32237,169,5.1,2008-01-01
32237,125,3.7,2007-12-01
32237,132,4,2007-11-01
32237,120,3.7,2007-10-01
32237,124,3.7,2007-09-01
32237,140,4.1,2007-08-01
32237,112,3.4,2007-07-01
32237,114,3.4,2007-06-01
32237,110,3.3,2007-05-01
32237,77,2.4,2007-04-01
32237,109,3.2,2007-03-01
32237,139,4,2007-02-01
32237,143,4,2007-01-01
32237,108,2.9,2006-12-01
32237,137,3.9,2006-11-01
32237,116,3.4,2006-10-01
32237,170,4.9,2006-09-01
32237,132,3.9,2006-08-01
32237,103,3,2006-07-01
32237,114,3.4,2006-06-01
32237,158,4.8,2006-05-01
32237,132,4.2,2006-04-01
32237,116,3.5,2006-03-01
32237,119,3.7,2006-02-01
32237,105,3.3,2006-01-01
32237,128,3.7,2005-12-01
32237,172,5.1,2005-11-01
32237,162,4.8,2005-10-01
32237,168,4.9,2005-09-01
32237,156,4.6,2005-08-01
32237,142,4.2,2005-07-01
32237,160,5,2005-06-01
32237,145,4.7,2005-05-01
32237,178,5.9,2005-04-01
32237,177,6,2005-03-01
32237,204,6.5,2005-02-01
32237,168,5.4,2005-01-01
32237,173,5.7,2004-12-01
32237,187,5.6,2004-11-01
32237,185,5.6,2004-10-01
32237,178,5.4,2004-09-01
32237,191,5.7,2004-08-01
32237,174,5.2,2004-07-01
32237,172,5,2004-06-01
32237,190,5.7,2004-05-01
32237,168,5,2004-04-01
32237,216,6.3,2004-03-01
32237,194,5.8,2004-02-01
32237,236,7,2004-01-01
32237,224,6.5,2003-12-01
32237,257,7.6,2003-11-01
32237,182,5.4,2003-10-01
32237,248,7,2003-09-01
32237,224,6.1,2003-08-01
32237,224,5.9,2003-07-01
32237,239,6.4,2003-06-01
32237,251,6.9,2003-05-01
32237,268,7.3,2003-04-01
32237,267,7.4,2003-03-01
32237,321,8.6,2003-02-01
32237,243,6.7,2003-01-01
32237,255,7.2,2002-12-01
32237,220,6.5,2002-11-01
32237,211,6,2002-10-01
32237,231,6.3,2002-09-01
32237,270,7.1,2002-08-01
32237,264,7.1,2002-07-01
32237,255,6.9,2002-06-01
32237,260,7.2,2002-05-01
32237,257,6.9,2002-04-01
32237,266,7.2,2002-03-01
32237,279,7.6,2002-02-01
32237,263,7.1,2002-01-01
32237,275,7.4,2001-12-01
32237,241,6.2,2001-11-01
32237,233,6,2001-10-01
32237,219,5.6,2001-09-01
32237,210,5.4,2001-08-01
32237,206,5.2,2001-07-01
32237,163,4.1,2001-06-01
32237,164,4.2,2001-05-01
32237,148,3.7,2001-04-01
32237,148,3.8,2001-03-01
32237,109,2.9,2001-02-01
32237,161,4.1,2001-01-01
32237,151,4,2000-12-01
32237,117,3,2000-11-01
32237,96,2.4,2000-10-01
32237,130,3.3,2000-09-01
32237,143,3.7,2000-08-01
32237,144,3.6,2000-07-01
32237,102,2.6,2000-06-01
32237,131,3.5,2000-05-01
32237,95,2.4,2000-04-01
32237,140,3.6,2000-03-01
32237,112,2.9,2000-02-01
32237,125,3.4,2000-01-01
32236,591,10.5,2010-02-01
32236,657,11.3,2010-01-01
32236,539,9,2009-12-01
32236,493,8.5,2009-11-01
32236,480,8.6,2009-10-01
32236,538,9.5,2009-09-01
32236,547,9.8,2009-08-01
32236,511,8.8,2009-07-01
32236,499,8.4,2009-06-01
32236,506,8.5,2009-05-01
32236,541,9,2009-04-01
32236,558,9,2009-03-01
32236,563,9.1,2009-02-01
32236,522,8.4,2009-01-01
32236,421,6.7,2008-12-01
32236,331,5.8,2008-11-01
32236,316,5.7,2008-10-01
32236,337,5.8,2008-09-01
32236,309,5.2,2008-08-01
32236,359,5.7,2008-07-01
32236,329,5.1,2008-06-01
32236,269,4.3,2008-05-01
32236,245,4,2008-04-01
32236,267,4.3,2008-03-01
32236,289,4.6,2008-02-01
32236,271,4.4,2008-01-01
32236,210,3.4,2007-12-01
32236,242,3.9,2007-11-01
32236,218,3.6,2007-10-01
32236,224,3.7,2007-09-01
32236,205,3.4,2007-08-01
32236,309,5.1,2007-07-01
32236,242,4.1,2007-06-01
32236,216,3.8,2007-05-01
32236,188,3.3,2007-04-01
32236,249,4.3,2007-03-01
32236,251,4.2,2007-02-01
32236,248,4.2,2007-01-01
32236,190,3.2,2006-12-01
32236,183,3.1,2006-11-01
32236,206,3.6,2006-10-01
32236,183,3.1,2006-09-01
32236,217,3.7,2006-08-01
32236,237,4.2,2006-07-01
32236,225,3.9,2006-06-01
32236,226,4,2006-05-01
32236,272,4.8,2006-04-01
32236,263,4.7,2006-03-01
32236,260,4.6,2006-02-01
32236,287,5,2006-01-01
32236,202,3.6,2005-12-01
32236,199,3.5,2005-11-01
32236,251,4.4,2005-10-01
32236,211,3.7,2005-09-01
32236,187,3.3,2005-08-01
32236,222,3.9,2005-07-01
32236,247,4.5,2005-06-01
32236,223,4.1,2005-05-01
32236,257,4.7,2005-04-01
32236,267,4.8,2005-03-01
32236,245,4.4,2005-02-01
32236,276,5,2005-01-01
32236,204,3.8,2004-12-01
32236,217,4,2004-11-01
32236,219,4,2004-10-01
32236,208,3.9,2004-09-01
32236,236,4.4,2004-08-01
32236,231,4.3,2004-07-01
32236,227,4.3,2004-06-01
32236,230,4.4,2004-05-01
32236,239,4.5,2004-04-01
32236,284,5.4,2004-03-01
32236,291,5.5,2004-02-01
32236,243,4.6,2004-01-01
32236,267,5,2003-12-01
32236,275,5.1,2003-11-01
32236,260,4.8,2003-10-01
32236,255,4.7,2003-09-01
32236,255,4.8,2003-08-01
32236,289,5.4,2003-07-01
32236,300,5.5,2003-06-01
32236,260,4.9,2003-05-01
32236,274,5,2003-04-01
32236,319,5.9,2003-03-01
32236,316,5.8,2003-02-01
32236,331,6.3,2003-01-01
32236,243,4.6,2002-12-01
32236,233,4.2,2002-11-01
32236,262,4.7,2002-10-01
32236,235,4.2,2002-09-01
32236,221,3.9,2002-08-01
32236,270,4.9,2002-07-01
32236,274,4.9,2002-06-01
32236,257,4.5,2002-05-01
32236,280,5,2002-04-01
32236,313,5.6,2002-03-01
32236,331,5.7,2002-02-01
32236,368,6.6,2002-01-01
32236,310,5.6,2001-12-01
32236,302,5.4,2001-11-01
32236,321,5.8,2001-10-01
32236,214,3.9,2001-09-01
32236,226,3.9,2001-08-01
32236,236,4.2,2001-07-01
32236,242,4.3,2001-06-01
32236,178,3.1,2001-05-01
32236,232,4.2,2001-04-01
32236,193,3.5,2001-03-01
32236,189,3.4,2001-02-01
32236,194,3.6,2001-01-01
32236,168,3.1,2000-12-01
32236,129,2.3,2000-11-01
32236,153,2.8,2000-10-01
32236,231,4,2000-09-01
32236,198,3.4,2000-08-01
32236,228,3.9,2000-07-01
32236,183,3.2,2000-06-01
32236,190,3.4,2000-05-01
32236,191,3.4,2000-04-01
32236,192,3.5,2000-03-01
32236,223,4,2000-02-01
32236,236,4.3,2000-01-01
32235,2071,10,2010-02-01
32235,2154,10.5,2010-01-01
32235,1851,9.1,2009-12-01
32235,1879,9.2,2009-11-01
32235,1919,9.6,2009-10-01
32235,1809,9,2009-09-01
32235,1794,8.8,2009-08-01
32235,1854,9,2009-07-01
32235,1863,9.1,2009-06-01
32235,1835,9,2009-05-01
32235,1833,9,2009-04-01
32235,1852,9,2009-03-01
32235,1847,8.9,2009-02-01
32235,1794,8.7,2009-01-01
32235,1535,7.2,2008-12-01
32235,1397,6.7,2008-11-01
32235,1313,6.3,2008-10-01
32235,1277,6.2,2008-09-01
32235,1366,6.6,2008-08-01
32235,1329,6.5,2008-07-01
32235,1160,5.7,2008-06-01
32235,1049,5.2,2008-05-01
32235,919,4.5,2008-04-01
32235,992,4.9,2008-03-01
32235,1007,4.9,2008-02-01
32235,1120,5.4,2008-01-01
32235,1009,4.8,2007-12-01
32235,893,4.3,2007-11-01
32235,907,4.4,2007-10-01
32235,1027,5.1,2007-09-01
32235,1028,5.1,2007-08-01
32235,1089,5.2,2007-07-01
32235,979,4.6,2007-06-01
32235,795,3.9,2007-05-01
32235,872,4.2,2007-04-01
32235,896,4.4,2007-03-01
32235,1045,5.1,2007-02-01
32235,1166,5.5,2007-01-01
32235,965,4.5,2006-12-01
32235,1018,4.8,2006-11-01
32235,972,4.7,2006-10-01
32235,1008,4.9,2006-09-01
32235,977,4.7,2006-08-01
32235,1083,5.1,2006-07-01
32235,1085,5.1,2006-06-01
32235,1025,4.8,2006-05-01
32235,972,4.6,2006-04-01
32235,1022,4.9,2006-03-01
32235,1141,5.4,2006-02-01
32235,1203,5.7,2006-01-01
32235,968,4.5,2005-12-01
32235,1013,4.7,2005-11-01
32235,1050,4.9,2005-10-01
32235,1038,4.9,2005-09-01
32235,1130,5.3,2005-08-01
32235,1194,5.6,2005-07-01
32235,1197,5.7,2005-06-01
32235,1145,5.4,2005-05-01
32235,1131,5.4,2005-04-01
32235,1173,5.6,2005-03-01
32235,1301,6.2,2005-02-01
32235,1302,6.3,2005-01-01
32235,1058,5,2004-12-01
32235,1045,5,2004-11-01
32235,1138,5.4,2004-10-01
32235,1127,5.5,2004-09-01
32235,1079,5.1,2004-08-01
32235,1163,5.5,2004-07-01
32235,1182,5.8,2004-06-01
32235,1183,5.8,2004-05-01
32235,1248,6.1,2004-04-01
32235,1386,6.8,2004-03-01
32235,1369,6.5,2004-02-01
32235,1389,6.5,2004-01-01
32235,1081,5,2003-12-01
32235,1156,5.4,2003-11-01
32235,1189,5.7,2003-10-01
32235,1229,5.9,2003-09-01
32235,1161,5.6,2003-08-01
32235,1387,6.6,2003-07-01
32235,1434,6.9,2003-06-01
32235,1247,6.2,2003-05-01
32235,1201,6,2003-04-01
32235,1179,5.9,2003-03-01
32235,1238,6.1,2003-02-01
32235,1342,6.7,2003-01-01
32235,1150,5.7,2002-12-01
32235,1242,6.2,2002-11-01
32235,1212,6.1,2002-10-01
32235,1171,5.9,2002-09-01
32235,1170,5.8,2002-08-01
32235,1132,5.6,2002-07-01
32235,1240,6.2,2002-06-01
32235,1138,5.8,2002-05-01
32235,1222,6.4,2002-04-01
32235,1269,6.6,2002-03-01
32235,1264,6.6,2002-02-01
32235,1212,6.3,2002-01-01
32235,1074,5.4,2001-12-01
32235,1046,5.3,2001-11-01
32235,941,4.8,2001-10-01
32235,936,4.8,2001-09-01
32235,928,4.8,2001-08-01
32235,833,4.3,2001-07-01
32235,955,4.9,2001-06-01
32235,875,4.5,2001-05-01
32235,820,4.3,2001-04-01
32235,1037,5.4,2001-03-01
32235,990,5.2,2001-02-01
32235,908,4.7,2001-01-01
32235,715,3.7,2000-12-01
32235,701,3.6,2000-11-01
32235,739,3.7,2000-10-01
32235,791,4.1,2000-09-01
32235,853,4.3,2000-08-01
32235,792,4.1,2000-07-01
32235,837,4.4,2000-06-01
32235,821,4.3,2000-05-01
32235,793,4.1,2000-04-01
32235,983,5.1,2000-03-01
32235,1023,5.2,2000-02-01
32235,1000,5,2000-01-01
32232,1814,12.1,2010-02-01
32232,1918,13,2010-01-01
32232,1747,11.9,2009-12-01
32232,1882,12.5,2009-11-01
32232,1884,12.2,2009-10-01
32232,1876,11.9,2009-09-01
32232,1866,11.8,2009-08-01
32232,1988,12.4,2009-07-01
32232,2010,12.6,2009-06-01
32232,2010,12.6,2009-05-01
32232,1968,12.4,2009-04-01
32232,1912,12.2,2009-03-01
32232,1822,11.5,2009-02-01
32232,1711,10.9,2009-01-01
32232,1315,8.3,2008-12-01
32232,1144,7,2008-11-01
32232,1007,6.2,2008-10-01
32232,984,6,2008-09-01
32232,960,5.7,2008-08-01
32232,908,5.5,2008-07-01
32232,862,5.2,2008-06-01
32232,879,5.3,2008-05-01
32232,796,4.8,2008-04-01
32232,831,5,2008-03-01
32232,820,5,2008-02-01
32232,837,5.1,2008-01-01
32232,772,4.6,2007-12-01
32232,762,4.5,2007-11-01
32232,729,4.3,2007-10-01
32232,673,4.1,2007-09-01
32232,596,3.6,2007-08-01
32232,621,3.7,2007-07-01
32232,653,4,2007-06-01
32232,651,3.9,2007-05-01
32232,749,4.6,2007-04-01
32232,742,4.5,2007-03-01
32232,774,4.7,2007-02-01
32232,752,4.6,2007-01-01
32232,660,4,2006-12-01
32232,702,4.3,2006-11-01
32232,618,3.7,2006-10-01
32232,632,3.8,2006-09-01
32232,680,4.1,2006-08-01
32232,736,4.4,2006-07-01
32232,635,3.8,2006-06-01
32232,680,4.1,2006-05-01
32232,745,4.5,2006-04-01
32232,701,4.1,2006-03-01
32232,821,4.9,2006-02-01
32232,778,4.6,2006-01-01
32232,757,4.5,2005-12-01
32232,823,4.9,2005-11-01
32232,800,4.8,2005-10-01
32232,775,4.7,2005-09-01
32232,767,4.7,2005-08-01
32232,883,5.3,2005-07-01
32232,743,4.4,2005-06-01
32232,743,4.5,2005-05-01
32232,793,4.8,2005-04-01
32232,879,5.3,2005-03-01
32232,889,5.3,2005-02-01
32232,889,5.3,2005-01-01
32232,872,5.1,2004-12-01
32232,905,5.4,2004-11-01
32232,884,5.3,2004-10-01
32232,852,5,2004-09-01
32232,840,4.9,2004-08-01
32232,1019,6,2004-07-01
32232,957,5.6,2004-06-01
32232,966,5.6,2004-05-01
32232,1004,5.8,2004-04-01
32232,1083,6.3,2004-03-01
32232,1094,6.3,2004-02-01
32232,1110,6.4,2004-01-01
32232,1025,5.9,2003-12-01
32232,1034,5.9,2003-11-01
32232,1041,6,2003-10-01
32232,1175,6.8,2003-09-01
32232,1186,6.7,2003-08-01
32232,1193,6.9,2003-07-01
32232,1232,7,2003-06-01
32232,1150,6.5,2003-05-01
32232,1199,6.7,2003-04-01
32232,1222,6.8,2003-03-01
32232,1229,6.7,2003-02-01
32232,1302,7.2,2003-01-01
32232,1188,6.6,2002-12-01
32232,1115,6.3,2002-11-01
32232,1046,5.9,2002-10-01
32232,1076,6.1,2002-09-01
32232,1108,6.2,2002-08-01
32232,1185,6.6,2002-07-01
32232,1187,6.6,2002-06-01
32232,1194,6.6,2002-05-01
32232,1322,7.2,2002-04-01
32232,1367,7.3,2002-03-01
32232,1296,7,2002-02-01
32232,1377,7.4,2002-01-01
32232,1172,6.3,2001-12-01
32232,1108,6,2001-11-01
32232,1065,5.8,2001-10-01
32232,996,5.4,2001-09-01
32232,1023,5.5,2001-08-01
32232,1054,5.6,2001-07-01
32232,956,5,2001-06-01
32232,903,4.7,2001-05-01
32232,855,4.4,2001-04-01
32232,954,4.9,2001-03-01
32232,902,4.6,2001-02-01
32232,911,4.6,2001-01-01
32232,653,3.3,2000-12-01
32232,672,3.4,2000-11-01
32232,693,3.6,2000-10-01
32232,667,3.4,2000-09-01
32232,685,3.4,2000-08-01
32232,708,3.6,2000-07-01
32232,621,3.1,2000-06-01
32232,685,3.4,2000-05-01
32232,736,3.7,2000-04-01
32232,739,3.6,2000-03-01
32232,694,3.4,2000-02-01
32232,734,3.6,2000-01-01
32231,2440,27.1,2010-02-01
32231,2194,24.7,2010-01-01
32231,2044,22.7,2009-12-01
32231,1780,19.4,2009-11-01
32231,1744,18.7,2009-10-01
32231,1594,17.1,2009-09-01
32231,1542,16.5,2009-08-01
32231,1687,18.2,2009-07-01
32231,1601,17.4,2009-06-01
32231,1768,19.2,2009-05-01
32231,1737,18.7,2009-04-01
32231,1979,21.1,2009-03-01
32231,2025,21.4,2009-02-01
32231,1744,18.2,2009-01-01
32231,1438,15.3,2008-12-01
32231,1237,12.7,2008-11-01
32231,1078,10.8,2008-10-01
32231,970,9.9,2008-09-01
32231,814,8.2,2008-08-01
32231,783,8,2008-07-01
32231,785,8.2,2008-06-01
32231,809,8.6,2008-05-01
32231,1057,11.1,2008-04-01
32231,1170,12,2008-03-01
32231,1118,11.4,2008-02-01
32231,1099,11,2008-01-01
32231,968,9.4,2007-12-01
32231,645,6.2,2007-11-01
32231,641,6.1,2007-10-01
32231,596,5.8,2007-09-01
32231,558,5.3,2007-08-01
32231,617,5.9,2007-07-01
32231,600,5.9,2007-06-01
32231,676,6.9,2007-05-01
32231,853,8.6,2007-04-01
32231,924,9,2007-03-01
32231,1086,10.5,2007-02-01
32231,922,8.9,2007-01-01
32231,725,6.9,2006-12-01
32231,618,6,2006-11-01
32231,456,4.5,2006-10-01
32231,586,5.6,2006-09-01
32231,618,5.9,2006-08-01
32231,633,6.1,2006-07-01
32231,569,5.6,2006-06-01
32231,647,6.6,2006-05-01
32231,674,6.9,2006-04-01
32231,820,8.5,2006-03-01
32231,836,8.6,2006-02-01
32231,868,9,2006-01-01
32231,813,8.2,2005-12-01
32231,564,5.7,2005-11-01
32231,519,5.3,2005-10-01
32231,572,5.7,2005-09-01
32231,561,5.7,2005-08-01
32231,509,5.2,2005-07-01
32231,559,5.7,2005-06-01
32231,567,6.1,2005-05-01
32231,693,7.4,2005-04-01
32231,961,10.3,2005-03-01
32231,1150,12.3,2005-02-01
32231,1079,11.8,2005-01-01
32231,870,9.5,2004-12-01
32231,695,7.4,2004-11-01
32231,635,6.9,2004-10-01
32231,629,6.8,2004-09-01
32231,563,6,2004-08-01
32231,610,6.4,2004-07-01
32231,668,7,2004-06-01
32231,665,7.4,2004-05-01
32231,849,9.5,2004-04-01
32231,1011,11.3,2004-03-01
32231,1039,11.6,2004-02-01
32231,994,11.3,2004-01-01
32231,813,9.3,2003-12-01
32231,690,7.8,2003-11-01
32231,651,7.4,2003-10-01
32231,681,7.6,2003-09-01
32231,650,7.1,2003-08-01
32231,677,7.5,2003-07-01
32231,710,7.9,2003-06-01
32231,715,8.4,2003-05-01
32231,772,9.3,2003-04-01
32231,987,11.8,2003-03-01
32231,1173,14,2003-02-01
32231,1196,14,2003-01-01
32231,941,10.9,2002-12-01
32231,758,8.5,2002-11-01
32231,680,7.7,2002-10-01
32231,615,7,2002-09-01
32231,654,7.4,2002-08-01
32231,594,6.9,2002-07-01
32231,593,6.9,2002-06-01
32231,626,7.4,2002-05-01
32231,855,10.1,2002-04-01
32231,1009,11.8,2002-03-01
32231,1060,12.2,2002-02-01
32231,1211,13.6,2002-01-01
32231,785,9,2001-12-01
32231,670,7.6,2001-11-01
32231,535,6.1,2001-10-01
32231,489,5.5,2001-09-01
32231,522,5.8,2001-08-01
32231,447,4.9,2001-07-01
32231,443,5.1,2001-06-01
32231,478,5.6,2001-05-01
32231,596,7.1,2001-04-01
32231,683,8.4,2001-03-01
32231,826,9.9,2001-02-01
32231,836,9.8,2001-01-01
32231,580,6.8,2000-12-01
32231,482,5.7,2000-11-01
32231,417,4.9,2000-10-01
32231,386,4.6,2000-09-01
32231,446,5.1,2000-08-01
32231,384,4.4,2000-07-01
32231,389,4.6,2000-06-01
32231,397,5,2000-05-01
32231,447,5.8,2000-04-01
32231,669,8.7,2000-03-01
32231,812,10.6,2000-02-01
32231,745,9.7,2000-01-01
32230,79,10.7,2010-02-01
32230,68,9.1,2010-01-01
32230,89,11.8,2009-12-01
32230,96,12,2009-11-01
32230,84,10.8,2009-10-01
32230,76,10.7,2009-09-01
32230,93,11.8,2009-08-01
32230,95,12.6,2009-07-01
32230,100,13.6,2009-06-01
32230,98,13.3,2009-05-01
32230,125,16.1,2009-04-01
32230,105,12.6,2009-03-01
32230,63,7.6,2009-02-01
32230,59,7,2009-01-01
32230,46,5.2,2008-12-01
32230,32,3.7,2008-11-01
32230,15,1.7,2008-10-01
32230,25,2.8,2008-09-01
32230,17,1.9,2008-08-01
32230,13,1.5,2008-07-01
32230,28,3.3,2008-06-01
32230,28,3.4,2008-05-01
32230,28,3.6,2008-04-01
32230,28,3.7,2008-03-01
32230,16,2.2,2008-02-01
32230,28,4,2008-01-01
32230,24,3.4,2007-12-01
32230,16,2.3,2007-11-01
32230,9,1.3,2007-10-01
32230,25,3.2,2007-09-01
32230,33,4.6,2007-08-01
32230,33,4.3,2007-07-01
32230,33,4.3,2007-06-01
32230,22,3,2007-05-01
32230,17,2.3,2007-04-01
32230,24,3.2,2007-03-01
32230,33,4.5,2007-02-01
32230,35,4.7,2007-01-01
32230,25,3.4,2006-12-01
32230,22,2.9,2006-11-01
32230,15,2.2,2006-10-01
32230,14,2.1,2006-09-01
32230,32,4.3,2006-08-01
32230,25,3.5,2006-07-01
32230,31,4.3,2006-06-01
32230,20,2.8,2006-05-01
32230,17,2.5,2006-04-01
32230,14,2.1,2006-03-01
32230,25,3.8,2006-02-01
32230,26,3.9,2006-01-01
32230,23,3.5,2005-12-01
32230,18,2.9,2005-11-01
32230,2,0.3,2005-10-01
32230,12,2,2005-09-01
32230,12,2,2005-08-01
32230,22,3.7,2005-07-01
32230,25,4,2005-06-01
32230,16,2.4,2005-05-01
32230,19,2.9,2005-04-01
32230,32,5.2,2005-03-01
32230,25,4,2005-02-01
32230,29,4.9,2005-01-01
32230,16,2.5,2004-12-01
32230,20,3.3,2004-11-01
32230,15,2.6,2004-10-01
32230,8,1.5,2004-09-01
32230,10,1.9,2004-08-01
32230,28,5.4,2004-07-01
32230,27,5,2004-06-01
32230,22,4.3,2004-05-01
32230,34,6.4,2004-04-01
32230,22,4.4,2004-03-01
32230,24,5,2004-02-01
32230,31,5.8,2004-01-01
32230,32,5.6,2003-12-01
32230,34,5.9,2003-11-01
32230,31,5.6,2003-10-01
32230,25,4.6,2003-09-01
32230,20,3.8,2003-08-01
32230,43,7.9,2003-07-01
32230,36,6.8,2003-06-01
32230,40,7.5,2003-05-01
32230,41,7.7,2003-04-01
32230,46,8.2,2003-03-01
32230,41,7.1,2003-02-01
32230,54,9,2003-01-01
32230,45,7.8,2002-12-01
32230,32,5.4,2002-11-01
32230,36,6.4,2002-10-01
32230,42,7.9,2002-09-01
32230,32,6.3,2002-08-01
32230,19,3.9,2002-07-01
32230,35,7.1,2002-06-01
32230,25,4.9,2002-05-01
32230,33,6.1,2002-04-01
32230,28,5.3,2002-03-01
32230,35,7.5,2002-02-01
32230,33,7,2002-01-01
32230,27,5.3,2001-12-01
32230,20,3.6,2001-11-01
32230,32,5.4,2001-10-01
32230,23,4.2,2001-09-01
32230,18,3.3,2001-08-01
32230,17,3.1,2001-07-01
32230,26,4.7,2001-06-01
32230,34,5.9,2001-05-01
32230,24,4.7,2001-04-01
32230,14,3,2001-03-01
32230,27,5.3,2001-02-01
32230,11,2.3,2001-01-01
32230,20,3.8,2000-12-01
32230,11,2,2000-11-01
32230,39,7.8,2000-10-01
32230,25,5.8,2000-09-01
32230,23,5.1,2000-08-01
32230,16,3.6,2000-07-01
32230,13,2.6,2000-06-01
32230,27,5.3,2000-05-01
32230,20,4.1,2000-04-01
32230,17,3.7,2000-03-01
32230,25,5.5,2000-02-01
32230,19,3.9,2000-01-01
28615,880,4,2010-02-01
28615,948,4.3,2010-01-01
28615,797,3.6,2009-12-01
28615,748,3.4,2009-11-01
28615,785,3.5,2009-10-01
28615,928,4.2,2009-09-01
28615,1118,5.1,2009-08-01
28615,1129,5.1,2009-07-01
28615,991,4.4,2009-06-01
28615,702,3.1,2009-05-01
28615,575,2.6,2009-04-01
28615,598,2.8,2009-03-01
28615,563,2.6,2009-02-01
28615,652,3,2009-01-01
28615,511,2.3,2008-12-01
28615,527,2.4,2008-11-01
28615,552,2.5,2008-10-01
28615,573,2.6,2008-09-01
28615,721,3.3,2008-08-01
28615,770,3.6,2008-07-01
28615,654,3,2008-06-01
28615,461,2.1,2008-05-01
28615,373,1.7,2008-04-01
28615,425,1.9,2008-03-01
28615,372,1.7,2008-02-01
28615,471,2.2,2008-01-01
28615,451,2.1,2007-12-01
28615,482,2.2,2007-11-01
28615,492,2.3,2007-10-01
28615,525,2.4,2007-09-01
28615,695,3.2,2007-08-01
28615,704,3.3,2007-07-01
28615,572,2.7,2007-06-01
28615,428,1.9,2007-05-01
28615,408,1.9,2007-04-01
28615,419,1.9,2007-03-01
28615,405,1.9,2007-02-01
28615,476,2.2,2007-01-01
28615,395,1.9,2006-12-01
28615,400,1.9,2006-11-01
28615,424,2,2006-10-01
28615,396,1.9,2006-09-01
28615,595,2.9,2006-08-01
28615,659,3.2,2006-07-01
28615,578,2.8,2006-06-01
28615,429,2.1,2006-05-01
28615,414,2,2006-04-01
28615,461,2.2,2006-03-01
28615,472,2.3,2006-02-01
28615,457,2.2,2006-01-01
28615,393,1.9,2005-12-01
28615,494,2.4,2005-11-01
28615,502,2.4,2005-10-01
28615,568,2.7,2005-09-01
28615,664,3.2,2005-08-01
28615,683,3.3,2005-07-01
28615,681,3.2,2005-06-01
28615,453,2.1,2005-05-01
28615,478,2.3,2005-04-01
28615,468,2.2,2005-03-01
28615,472,2.3,2005-02-01
28615,555,2.6,2005-01-01
28615,499,2.4,2004-12-01
28615,514,2.4,2004-11-01
28615,561,2.7,2004-10-01
28615,568,2.7,2004-09-01
28615,676,3.3,2004-08-01
28615,741,3.7,2004-07-01
28615,580,2.8,2004-06-01
28615,468,2.3,2004-05-01
28615,433,2.1,2004-04-01
28615,530,2.6,2004-03-01
28615,490,2.4,2004-02-01
28615,511,2.5,2004-01-01
28615,516,2.5,2003-12-01
28615,542,2.7,2003-11-01
28615,500,2.4,2003-10-01
28615,556,2.7,2003-09-01
28615,745,3.7,2003-08-01
28615,749,3.8,2003-07-01
28615,704,3.5,2003-06-01
28615,478,2.4,2003-05-01
28615,440,2.2,2003-04-01
28615,526,2.6,2003-03-01
28615,483,2.4,2003-02-01
28615,571,2.8,2003-01-01
28615,446,2.2,2002-12-01
28615,468,2.3,2002-11-01
28615,499,2.5,2002-10-01
28615,530,2.6,2002-09-01
28615,596,3,2002-08-01
28615,645,3.2,2002-07-01
28615,561,2.8,2002-06-01
28615,484,2.3,2002-05-01
28615,447,2.2,2002-04-01
28615,477,2.4,2002-03-01
28615,508,2.5,2002-02-01
28615,486,2.4,2002-01-01
28615,419,2.1,2001-12-01
28615,420,2.1,2001-11-01
28615,429,2.2,2001-10-01
28615,438,2.2,2001-09-01
28615,540,2.8,2001-08-01
28615,548,2.8,2001-07-01
28615,525,2.7,2001-06-01
28615,361,1.8,2001-05-01
28615,369,1.9,2001-04-01
28615,355,1.8,2001-03-01
28615,298,1.5,2001-02-01
28615,463,2.3,2001-01-01
28615,365,1.8,2000-12-01
28615,384,1.9,2000-11-01
28615,391,2,2000-10-01
28615,408,2.1,2000-09-01
28615,583,3.1,2000-08-01
28615,545,2.9,2000-07-01
28615,603,3.1,2000-06-01
28615,370,1.9,2000-05-01
28615,269,1.3,2000-04-01
28615,311,1.5,2000-03-01
28615,409,2,2000-02-01
28615,430,2.1,2000-01-01
